full_name,stars,language,created_at,age_days_at_window_end,default_branch,contributors_count,workflows_count,releases_in_window,workflow_runs_count,valid_workflow_runs_count,tags_count,deployment_frequency_per_week,lead_time_release_median_hours,lead_time_commit_median_hours,lead_time_release_observations,lead_time_commit_observations,compare_errors,ci_change_failure_rate,failure_episodes_total,failure_episodes_recovered,failure_episodes_censored,censored_episodes_proportion,median_recovery_hours,deployment_frequency_dora,lead_time_dora,change_failure_rate_dora,recovery_time_dora,overall_dora
mattpocock/skills,279601,Shell,2026-02-03T11:15:53Z,239,main,8,4,7,120,120,9,0.13424657534246576,4.727222222222222,147.27208333333334,6,288,0,0.10833333333333334,7,7,0,0.0,1.0844444444444445,Low,Elite,Elite,High,High
affaan-m/ECC,274941,JavaScript,2026-01-18T00:51:51Z,255,main,398,32,17,2004,1235,20,0.32602739726027397,340.84944444444443,326.41055555555556,16,3026,0,0.5085020242914979,72,71,1,0.013888888888888888,2.786388888888889,Medium,Medium,Low,High,Medium
react/react,250921,JavaScript,2013-05-24T16:15:54Z,4877,main,2020,30,28,4567,4567,176,0.536986301369863,6193.985555555555,6861.205833333333,28,11607,0,0.026713378585504707,42,42,0,0.0,2.317638888888889,Medium,Low,Elite,High,Medium
yt-dlp/yt-dlp,196202,Python,2020-10-26T04:22:55Z,2165,master,1757,17,14,2098,1902,140,0.2684931506849315,396.6725,148.21972222222223,14,470,0,0.007360672975814932,10,10,0,0.0,2.787916666666667,Medium,Medium,Elite,High,Medium
firecrawl/firecrawl,189507,TypeScript,2024-04-15T21:02:29Z,898,main,175,44,8,2172,2158,581,0.15342465753424656,849.3519444444445,429.3252777777778,8,1453,0,0.07275254865616311,47,46,1,0.02127659574468085,6.720555555555556,Low,Low,Elite,High,Medium
Significant-Gravitas/AutoGPT,187688,Python,2023-03-16T09:21:07Z,1294,master,862,52,48,801,801,125,0.9205479452054794,167.84750000000003,96.99888888888889,48,2230,0,0.08364544319600499,17,16,1,0.058823529411764705,71.11263888888888,Medium,High,Elite,Medium,Medium
DietrichGebert/ponytail,157597,JavaScript,2026-06-12T00:52:37Z,110,main,111,4,16,161,161,22,0.3068493150684931,3.8869444444444445,96.88277777777778,15,214,0,0.024844720496894408,1,1,0,0.0,1.583888888888889,Medium,Elite,Elite,High,High
langflow-ai/langflow,155569,Python,2023-02-08T22:28:03Z,1330,main,389,69,41,992,986,1181,0.7863013698630137,165.4115277777778,458.1086111111111,40,3393,0,0.034482758620689655,0,0,0,,,Medium,High,Elite,,
open-webui/open-webui,154169,Python,2023-10-06T22:08:27Z,1090,main,881,14,42,284,280,171,0.8054794520547944,42.82013888888889,96.44194444444445,42,5171,0,0.10357142857142858,20,20,0,0.0,22.735416666666666,Medium,High,Elite,High,High
clash-verge-rev/clash-verge-rev,149747,Rust,2023-11-21T18:24:03Z,1044,dev,175,24,10,59,59,127,0.1917808219178082,933.565,584.0066666666667,10,1739,0,0.06779661016949153,2,2,0,0.0,0.29583333333333334,Low,Low,Elite,Elite,Medium
langchain-ai/langchain,147544,Python,2022-10-17T02:58:36Z,1444,master,3743,36,389,4088,3373,1386,7.46027397260274,4.694444444444445,1108.7655555555555,359,10901,0,0.03824488585828639,97,96,1,0.010309278350515464,1.7679166666666668,Elite,Elite,Elite,High,Elite
farion1231/cc-switch,140797,Rust,2025-08-04T14:16:16Z,422,main,263,11,44,502,431,61,0.8438356164383561,179.10055555555556,97.1151388888889,44,2200,0,0.12761020881670534,25,25,0,0.0,7.858888888888889,Medium,Medium,Elite,High,Medium
microsoft/PowerToys,139291,C,2019-05-01T17:44:02Z,2709,main,690,18,15,897,797,159,0.2876712328767123,232.67833333333334,520.4494444444445,15,1479,0,0.037641154328732745,3,1,2,0.6666666666666666,122.25916666666667,Medium,Medium,Elite,Medium,Medium
nextlevelbuilder/ui-ux-pro-max-skill,133842,Python,2025-11-30T11:36:31Z,304,main,96,10,41,277,277,49,0.7863013698630137,2.848055555555556,19.319166666666668,40,207,0,0.30685920577617326,13,10,3,0.23076923076923078,29.766805555555557,Medium,Elite,Medium,Medium,Medium
harry0703/MoneyPrinterTurbo,129136,Python,2024-03-11T02:57:34Z,933,main,138,6,11,635,551,21,0.21095890410958903,451.41805555555555,172.43583333333333,11,432,0,0.023593466424682397,12,12,0,0.0,0.30819444444444444,Low,Medium,Elite,Elite,High
rustdesk/rustdesk,125368,Rust,2020-09-28T15:36:08Z,2193,master,504,19,8,1394,1299,40,0.15342465753424656,979.6245833333332,510.2394444444444,8,775,0,0.11085450346420324,92,92,0,0.0,7.080277777777778,Low,Low,Elite,High,Medium
shadcn-ui/ui,125258,TypeScript,2023-01-04T12:43:27Z,1365,main,645,17,65,1300,1300,132,1.2465753424657533,100.95180555555555,57.74263888888889,62,1498,0,0.13615384615384615,30,30,0,0.0,31.90222222222222,High,High,Elite,Medium,High
Graphify-Labs/graphify,124692,Python,2026-04-03T15:49:07Z,180,v8,311,10,219,589,589,228,4.2,12.76388888888889,13.225555555555555,199,2601,0,0.01697792869269949,6,6,0,0.0,0.6179166666666667,High,Elite,Elite,Elite,Elite
electron/electron,123427,C++,2013-04-12T01:47:36Z,4919,main,1628,71,184,3479,3137,3848,3.528767123287671,4167.383055555556,2414.8080555555557,184,65577,0,0.18807778131973224,267,267,0,0.0,7.518611111111111,High,Low,High,High,High
rust-lang/rust,119689,Rust,2010-06-16T20:39:03Z,5950,main,8864,7,14,1536,1536,164,0.2684931506849315,15298.355833333333,1842.0408333333335,14,29740,0,0.020833333333333332,22,22,0,0.0,4.050416666666667,Medium,Low,Elite,High,Medium
godotengine/godot,118238,C++,2014-01-04T16:05:36Z,4652,master,3962,12,11,521,504,80,0.21095890410958903,20686.45861111111,18046.545833333334,11,37269,0,0.041666666666666664,18,18,0,0.0,5.306111111111111,Low,Low,Elite,High,Medium
2dust/v2rayN,117777,C#,2019-07-30T03:47:24Z,2619,master,155,17,29,2619,2619,344,0.5561643835616438,167.89166666666668,175.35486111111112,29,692,0,0.009545628102329133,18,18,0,0.0,3.5175,Medium,High,Elite,High,High
browser-use/browser-use,117398,Python,2024-10-31T16:00:56Z,699,main,381,16,50,3670,3562,149,0.958904109589041,196.77972222222223,90.37583333333333,50,3540,0,0.061482313307130824,39,38,1,0.02564102564102564,5.018888888888889,Medium,Medium,Elite,High,Medium
mrdoob/three.js,116327,JavaScript,2010-03-23T18:58:01Z,6035,dev,2574,13,6,2067,2067,178,0.11506849315068493,1774.586388888889,835.3040277777777,6,2106,0,0.0,0,0,0,,,Low,Low,Elite,,
